Workbook

Sheet Attendance
A1: STUDENT ATTENDANCE TRACKER
A2: Group / Timing | C2: RADAX6 · 11:30 AM | F2: At risk below | H2: 0.75 | I2: Excellent from | J2: 0.9
A3: Newest day is in column K. Mark each day: P = Present · L = Late · A = Absent · H = Holiday / no class · blank = not marked yet. Yellow cells are editable.
A4: NO | B4: BATCH ID | C4: NAME | D4: ATTENDANCE % | E4: LATE % | F4: PRESENT | G4: LATE | H4: ABSENT | I4: DAYS HELD | J4: REMARK | K4: =TEXT(K5,"ddd") -> Mon | L4: =TEXT(L5,"ddd") -> Fri | M4: =TEXT(M5,"ddd") -> Thu | N4: =TEXT(N5,"ddd") -> Wed | O4: =TEXT(O5,"ddd") -> Tue | P4: =TEXT(P5,"ddd") -> Mon | Q4: =TEXT(Q5,"ddd") -> Fri | R4: =TEXT(R5,"ddd") -> Thu | ... AN4: =TEXT(AN5,"ddd") -> Tue
K5: 46307 | L5: =WORKDAY(K5,-1) -> 46304 | M5: =WORKDAY(L5,-1) -> 46303 | N5: =WORKDAY(M5,-1) -> 46302 | O5: =WORKDAY(N5,-1) -> 46301 | P5: =WORKDAY(O5,-1) -> 46300 | Q5: =WORKDAY(P5,-1) -> 46297 | R5: =WORKDAY(Q5,-1) -> 46296 | S5: =WORKDAY(R5,-1) -> 46295 | ... AN5: =WORKDAY(AM5,-1) -> 46266
A6: 1 | B6: RADA05 | C6: FAWAZ HUSSAIN | D6: =IF(N(I6)=0,"",(F6+G6)/I6) | E6: =IF(N(I6)=0,"",G6/I6) | F6: =IF($C6="","",COUNTIF(INDEX($6:$6,11):INDEX($6:$6,200),"P")) -> 0 | G6: =IF($C6="","",COUNTIF(INDEX($6:$6,11):INDEX($6:$6,200),"L")) -> 0 | H6: =IF($C6="","",COUNTIF(INDEX($6:$6,11):INDEX($6:$6,200),"A")) -> 0 | I6: =IF($C6="","",N(F6)+N(G6)+N(H6)) -> 0 | J6: =IF(N(I6)=0,"",IF(D6<$H$2,"At Risk",IF(D6>=$J$2,"Excellent","Good")))
A7: 2 | B7: RADA06 | C7: MUHAMMED AFLAH. PK | D7: =IF(N(I7)=0,"",(F7+G7)/I7) | E7: =IF(N(I7)=0,"",G7/I7) | F7: =IF($C7="","",COUNTIF(INDEX($7:$7,11):INDEX($7:$7,200),"P")) -> 0 | G7: =IF($C7="","",COUNTIF(INDEX($7:$7,11):INDEX($7:$7,200),"L")) -> 0 | H7: =IF($C7="","",COUNTIF(INDEX($7:$7,11):INDEX($7:$7,200),"A")) -> 0 | I7: =IF($C7="","",N(F7)+N(G7)+N(H7)) -> 0 | J7: =IF(N(I7)=0,"",IF(D7<$H$2,"At Risk",IF(D7>=$J$2,"Excellent","Good")))
A8: 3 | B8: RADA10 | C8: ABISINAN CP | D8: =IF(N(I8)=0,"",(F8+G8)/I8) | E8: =IF(N(I8)=0,"",G8/I8) | F8: =IF($C8="","",COUNTIF(INDEX($8:$8,11):INDEX($8:$8,200),"P")) -> 0 | G8: =IF($C8="","",COUNTIF(INDEX($8:$8,11):INDEX($8:$8,200),"L")) -> 0 | H8: =IF($C8="","",COUNTIF(INDEX($8:$8,11):INDEX($8:$8,200),"A")) -> 0 | I8: =IF($C8="","",N(F8)+N(G8)+N(H8)) -> 0 | J8: =IF(N(I8)=0,"",IF(D8<$H$2,"At Risk",IF(D8>=$J$2,"Excellent","Good")))
A9: 4 | B9: RADA10 | C9: GOPIKA TP | D9: =IF(N(I9)=0,"",(F9+G9)/I9) | E9: =IF(N(I9)=0,"",G9/I9) | F9: =IF($C9="","",COUNTIF(INDEX($9:$9,11):INDEX($9:$9,200),"P")) -> 0 | G9: =IF($C9="","",COUNTIF(INDEX($9:$9,11):INDEX($9:$9,200),"L")) -> 0 | H9: =IF($C9="","",COUNTIF(INDEX($9:$9,11):INDEX($9:$9,200),"A")) -> 0 | I9: =IF($C9="","",N(F9)+N(G9)+N(H9)) -> 0 | J9: =IF(N(I9)=0,"",IF(D9<$H$2,"At Risk",IF(D9>=$J$2,"Excellent","Good")))
A10: 5 | B10: RADA10 | C10: SANGEETHA. P | D10: =IF(N(I10)=0,"",(F10+G10)/I10) | E10: =IF(N(I10)=0,"",G10/I10) | F10: =IF($C10="","",COUNTIF(INDEX($10:$10,11):INDEX($10:$10,200),"P")) -> 0 | G10: =IF($C10="","",COUNTIF(INDEX($10:$10,11):INDEX($10:$10,200),"L")) -> 0 | H10: =IF($C10="","",COUNTIF(INDEX($10:$10,11):INDEX($10:$10,200),"A")) -> 0 | I10: =IF($C10="","",N(F10)+N(G10)+N(H10)) -> 0 | J10: =IF(N(I10)=0,"",IF(D10<$H$2,"At Risk",IF(D10>=$J$2,"Excellent","Good")))
A11: 6 | B11: RADA10 | C11: SHAHAR SHABEEN C | D11: =IF(N(I11)=0,"",(F11+G11)/I11) | E11: =IF(N(I11)=0,"",G11/I11) | F11: =IF($C11="","",COUNTIF(INDEX($11:$11,11):INDEX($11:$11,200),"P")) -> 0 | G11: =IF($C11="","",COUNTIF(INDEX($11:$11,11):INDEX($11:$11,200),"L")) -> 0 | H11: =IF($C11="","",COUNTIF(INDEX($11:$11,11):INDEX($11:$11,200),"A")) -> 0 | I11: =IF($C11="","",N(F11)+N(G11)+N(H11)) -> 0 | J11: =IF(N(I11)=0,"",IF(D11<$H$2,"At Risk",IF(D11>=$J$2,"Excellent","Good")))
A12: 7 | B12: RADA10 | C12: SHANIL AMAN | D12: =IF(N(I12)=0,"",(F12+G12)/I12) | E12: =IF(N(I12)=0,"",G12/I12) | F12: =IF($C12="","",COUNTIF(INDEX($12:$12,11):INDEX($12:$12,200),"P")) -> 0 | G12: =IF($C12="","",COUNTIF(INDEX($12:$12,11):INDEX($12:$12,200),"L")) -> 0 | H12: =IF($C12="","",COUNTIF(INDEX($12:$12,11):INDEX($12:$12,200),"A")) -> 0 | I12: =IF($C12="","",N(F12)+N(G12)+N(H12)) -> 0 | J12: =IF(N(I12)=0,"",IF(D12<$H$2,"At Risk",IF(D12>=$J$2,"Excellent","Good")))
A13: 8 | B13: RADA10 | C13: ABDUL MUSAVIR TV | D13: =IF(N(I13)=0,"",(F13+G13)/I13) | E13: =IF(N(I13)=0,"",G13/I13) | F13: =IF($C13="","",COUNTIF(INDEX($13:$13,11):INDEX($13:$13,200),"P")) -> 0 | G13: =IF($C13="","",COUNTIF(INDEX($13:$13,11):INDEX($13:$13,200),"L")) -> 0 | H13: =IF($C13="","",COUNTIF(INDEX($13:$13,11):INDEX($13:$13,200),"A")) -> 0 | I13: =IF($C13="","",N(F13)+N(G13)+N(H13)) -> 0 | J13: =IF(N(I13)=0,"",IF(D13<$H$2,"At Risk",IF(D13>=$J$2,"Excellent","Good")))
A14: 9 | B14: RADA10 | C14: DEVADATHAN TP | D14: =IF(N(I14)=0,"",(F14+G14)/I14) | E14: =IF(N(I14)=0,"",G14/I14) | F14: =IF($C14="","",COUNTIF(INDEX($14:$14,11):INDEX($14:$14,200),"P")) -> 0 | G14: =IF($C14="","",COUNTIF(INDEX($14:$14,11):INDEX($14:$14,200),"L")) -> 0 | H14: =IF($C14="","",COUNTIF(INDEX($14:$14,11):INDEX($14:$14,200),"A")) -> 0 | I14: =IF($C14="","",N(F14)+N(G14)+N(H14)) -> 0 | J14: =IF(N(I14)=0,"",IF(D14<$H$2,"At Risk",IF(D14>=$J$2,"Excellent","Good")))
A15: 10 | B15: RADA06 | C15: LAAZIN | D15: =IF(N(I15)=0,"",(F15+G15)/I15) | E15: =IF(N(I15)=0,"",G15/I15) | F15: =IF($C15="","",COUNTIF(INDEX($15:$15,11):INDEX($15:$15,200),"P")) -> 0 | G15: =IF($C15="","",COUNTIF(INDEX($15:$15,11):INDEX($15:$15,200),"L")) -> 0 | H15: =IF($C15="","",COUNTIF(INDEX($15:$15,11):INDEX($15:$15,200),"A")) -> 0 | I15: =IF($C15="","",N(F15)+N(G15)+N(H15)) -> 0 | J15: =IF(N(I15)=0,"",IF(D15<$H$2,"At Risk",IF(D15>=$J$2,"Excellent","Good")))
A16: 11 | B16: RADA06 | C16: SANJAY | D16: =IF(N(I16)=0,"",(F16+G16)/I16) | E16: =IF(N(I16)=0,"",G16/I16) | F16: =IF($C16="","",COUNTIF(INDEX($16:$16,11):INDEX($16:$16,200),"P")) -> 0 | G16: =IF($C16="","",COUNTIF(INDEX($16:$16,11):INDEX($16:$16,200),"L")) -> 0 | H16: =IF($C16="","",COUNTIF(INDEX($16:$16,11):INDEX($16:$16,200),"A")) -> 0 | I16: =IF($C16="","",N(F16)+N(G16)+N(H16)) -> 0 | J16: =IF(N(I16)=0,"",IF(D16<$H$2,"At Risk",IF(D16>=$J$2,"Excellent","Good")))
A17: 12 | B17: RADA06 | C17: NAJA FATHIMA | D17: =IF(N(I17)=0,"",(F17+G17)/I17) | E17: =IF(N(I17)=0,"",G17/I17) | F17: =IF($C17="","",COUNTIF(INDEX($17:$17,11):INDEX($17:$17,200),"P")) -> 0 | G17: =IF($C17="","",COUNTIF(INDEX($17:$17,11):INDEX($17:$17,200),"L")) -> 0 | H17: =IF($C17="","",COUNTIF(INDEX($17:$17,11):INDEX($17:$17,200),"A")) -> 0 | I17: =IF($C17="","",N(F17)+N(G17)+N(H17)) -> 0 | J17: =IF(N(I17)=0,"",IF(D17<$H$2,"At Risk",IF(D17>=$J$2,"Excellent","Good")))
A18: 13 | B18: RADA06 | C18: NANDANA | D18: =IF(N(I18)=0,"",(F18+G18)/I18) | E18: =IF(N(I18)=0,"",G18/I18) | F18: =IF($C18="","",COUNTIF(INDEX($18:$18,11):INDEX($18:$18,200),"P")) -> 0 | G18: =IF($C18="","",COUNTIF(INDEX($18:$18,11):INDEX($18:$18,200),"L")) -> 0 | H18: =IF($C18="","",COUNTIF(INDEX($18:$18,11):INDEX($18:$18,200),"A")) -> 0 | I18: =IF($C18="","",N(F18)+N(G18)+N(H18)) -> 0 | J18: =IF(N(I18)=0,"",IF(D18<$H$2,"At Risk",IF(D18>=$J$2,"Excellent","Good")))
A19: 14 | B19: RADA06 | C19: POOJA | D19: =IF(N(I19)=0,"",(F19+G19)/I19) | E19: =IF(N(I19)=0,"",G19/I19) | F19: =IF($C19="","",COUNTIF(INDEX($19:$19,11):INDEX($19:$19,200),"P")) -> 0 | G19: =IF($C19="","",COUNTIF(INDEX($19:$19,11):INDEX($19:$19,200),"L")) -> 0 | H19: =IF($C19="","",COUNTIF(INDEX($19:$19,11):INDEX($19:$19,200),"A")) -> 0 | I19: =IF($C19="","",N(F19)+N(G19)+N(H19)) -> 0 | J19: =IF(N(I19)=0,"",IF(D19<$H$2,"At Risk",IF(D19>=$J$2,"Excellent","Good")))
A20: 15 | B20: RADA11 | C20: SHEBIN | D20: =IF(N(I20)=0,"",(F20+G20)/I20) | E20: =IF(N(I20)=0,"",G20/I20) | F20: =IF($C20="","",COUNTIF(INDEX($20:$20,11):INDEX($20:$20,200),"P")) -> 0 | G20: =IF($C20="","",COUNTIF(INDEX($20:$20,11):INDEX($20:$20,200),"L")) -> 0 | H20: =IF($C20="","",COUNTIF(INDEX($20:$20,11):INDEX($20:$20,200),"A")) -> 0 | I20: =IF($C20="","",N(F20)+N(G20)+N(H20)) -> 0 | J20: =IF(N(I20)=0,"",IF(D20<$H$2,"At Risk",IF(D20>=$J$2,"Excellent","Good")))
A21: 16 | B21: RADA05 | C21: NISHANA SHERIN | D21: =IF(N(I21)=0,"",(F21+G21)/I21) | E21: =IF(N(I21)=0,"",G21/I21) | F21: =IF($C21="","",COUNTIF(INDEX($21:$21,11):INDEX($21:$21,200),"P")) -> 0 | G21: =IF($C21="","",COUNTIF(INDEX($21:$21,11):INDEX($21:$21,200),"L")) -> 0 | H21: =IF($C21="","",COUNTIF(INDEX($21:$21,11):INDEX($21:$21,200),"A")) -> 0 | I21: =IF($C21="","",N(F21)+N(G21)+N(H21)) -> 0 | J21: =IF(N(I21)=0,"",IF(D21<$H$2,"At Risk",IF(D21>=$J$2,"Excellent","Good")))
A22: =IF(C22="","",ROW()-5) | D22: =IF(N(I22)=0,"",(F22+G22)/I22) | E22: =IF(N(I22)=0,"",G22/I22) | F22: =IF($C22="","",COUNTIF(INDEX($22:$22,11):INDEX($22:$22,200),"P")) | G22: =IF($C22="","",COUNTIF(INDEX($22:$22,11):INDEX($22:$22,200),"L")) | H22: =IF($C22="","",COUNTIF(INDEX($22:$22,11):INDEX($22:$22,200),"A")) | I22: =IF($C22="","",N(F22)+N(G22)+N(H22)) | J22: =IF(N(I22)=0,"",IF(D22<$H$2,"At Risk",IF(D22>=$J$2,"Excellent","Good")))
A23: =IF(C23="","",ROW()-5) | D23: =IF(N(I23)=0,"",(F23+G23)/I23) | E23: =IF(N(I23)=0,"",G23/I23) | F23: =IF($C23="","",COUNTIF(INDEX($23:$23,11):INDEX($23:$23,200),"P")) | G23: =IF($C23="","",COUNTIF(INDEX($23:$23,11):INDEX($23:$23,200),"L")) | H23: =IF($C23="","",COUNTIF(INDEX($23:$23,11):INDEX($23:$23,200),"A")) | I23: =IF($C23="","",N(F23)+N(G23)+N(H23)) | J23: =IF(N(I23)=0,"",IF(D23<$H$2,"At Risk",IF(D23>=$J$2,"Excellent","Good")))
A24: =IF(C24="","",ROW()-5) | D24: =IF(N(I24)=0,"",(F24+G24)/I24) | E24: =IF(N(I24)=0,"",G24/I24) | F24: =IF($C24="","",COUNTIF(INDEX($24:$24,11):INDEX($24:$24,200),"P")) | G24: =IF($C24="","",COUNTIF(INDEX($24:$24,11):INDEX($24:$24,200),"L")) | H24: =IF($C24="","",COUNTIF(INDEX($24:$24,11):INDEX($24:$24,200),"A")) | I24: =IF($C24="","",N(F24)+N(G24)+N(H24)) | J24: =IF(N(I24)=0,"",IF(D24<$H$2,"At Risk",IF(D24>=$J$2,"Excellent","Good")))
A25: =IF(C25="","",ROW()-5) | D25: =IF(N(I25)=0,"",(F25+G25)/I25) | E25: =IF(N(I25)=0,"",G25/I25) | F25: =IF($C25="","",COUNTIF(INDEX($25:$25,11):INDEX($25:$25,200),"P")) | G25: =IF($C25="","",COUNTIF(INDEX($25:$25,11):INDEX($25:$25,200),"L")) | H25: =IF($C25="","",COUNTIF(INDEX($25:$25,11):INDEX($25:$25,200),"A")) | I25: =IF($C25="","",N(F25)+N(G25)+N(H25)) | J25: =IF(N(I25)=0,"",IF(D25<$H$2,"At Risk",IF(D25>=$J$2,"Excellent","Good")))
A26: =IF(C26="","",ROW()-5) | D26: =IF(N(I26)=0,"",(F26+G26)/I26) | E26: =IF(N(I26)=0,"",G26/I26) | F26: =IF($C26="","",COUNTIF(INDEX($26:$26,11):INDEX($26:$26,200),"P")) | G26: =IF($C26="","",COUNTIF(INDEX($26:$26,11):INDEX($26:$26,200),"L")) | H26: =IF($C26="","",COUNTIF(INDEX($26:$26,11):INDEX($26:$26,200),"A")) | I26: =IF($C26="","",N(F26)+N(G26)+N(H26)) | J26: =IF(N(I26)=0,"",IF(D26<$H$2,"At Risk",IF(D26>=$J$2,"Excellent","Good")))
A27: =IF(C27="","",ROW()-5) | D27: =IF(N(I27)=0,"",(F27+G27)/I27) | E27: =IF(N(I27)=0,"",G27/I27) | F27: =IF($C27="","",COUNTIF(INDEX($27:$27,11):INDEX($27:$27,200),"P")) | G27: =IF($C27="","",COUNTIF(INDEX($27:$27,11):INDEX($27:$27,200),"L")) | H27: =IF($C27="","",COUNTIF(INDEX($27:$27,11):INDEX($27:$27,200),"A")) | I27: =IF($C27="","",N(F27)+N(G27)+N(H27)) | J27: =IF(N(I27)=0,"",IF(D27<$H$2,"At Risk",IF(D27>=$J$2,"Excellent","Good")))
A28: =IF(C28="","",ROW()-5) | D28: =IF(N(I28)=0,"",(F28+G28)/I28) | E28: =IF(N(I28)=0,"",G28/I28) | F28: =IF($C28="","",COUNTIF(INDEX($28:$28,11):INDEX($28:$28,200),"P")) | G28: =IF($C28="","",COUNTIF(INDEX($28:$28,11):INDEX($28:$28,200),"L")) | H28: =IF($C28="","",COUNTIF(INDEX($28:$28,11):INDEX($28:$28,200),"A")) | I28: =IF($C28="","",N(F28)+N(G28)+N(H28)) | J28: =IF(N(I28)=0,"",IF(D28<$H$2,"At Risk",IF(D28>=$J$2,"Excellent","Good")))
A29: =IF(C29="","",ROW()-5) | D29: =IF(N(I29)=0,"",(F29+G29)/I29) | E29: =IF(N(I29)=0,"",G29/I29) | F29: =IF($C29="","",COUNTIF(INDEX($29:$29,11):INDEX($29:$29,200),"P")) | G29: =IF($C29="","",COUNTIF(INDEX($29:$29,11):INDEX($29:$29,200),"L")) | H29: =IF($C29="","",COUNTIF(INDEX($29:$29,11):INDEX($29:$29,200),"A")) | I29: =IF($C29="","",N(F29)+N(G29)+N(H29)) | J29: =IF(N(I29)=0,"",IF(D29<$H$2,"At Risk",IF(D29>=$J$2,"Excellent","Good")))
A30: =IF(C30="","",ROW()-5) | D30: =IF(N(I30)=0,"",(F30+G30)/I30) | E30: =IF(N(I30)=0,"",G30/I30) | F30: =IF($C30="","",COUNTIF(INDEX($30:$30,11):INDEX($30:$30,200),"P")) | G30: =IF($C30="","",COUNTIF(INDEX($30:$30,11):INDEX($30:$30,200),"L")) | H30: =IF($C30="","",COUNTIF(INDEX($30:$30,11):INDEX($30:$30,200),"A")) | I30: =IF($C30="","",N(F30)+N(G30)+N(H30)) | J30: =IF(N(I30)=0,"",IF(D30<$H$2,"At Risk",IF(D30>=$J$2,"Excellent","Good")))
A32: PRESENT (class total) | K32: =IF(COUNTA(K6:K30)=0,"",COUNTIF(K6:K30,"P")) | L32: =IF(COUNTA(L6:L30)=0,"",COUNTIF(L6:L30,"P")) | M32: =IF(COUNTA(M6:M30)=0,"",COUNTIF(M6:M30,"P")) | N32: =IF(COUNTA(N6:N30)=0,"",COUNTIF(N6:N30,"P")) | O32: =IF(COUNTA(O6:O30)=0,"",COUNTIF(O6:O30,"P")) | P32: =IF(COUNTA(P6:P30)=0,"",COUNTIF(P6:P30,"P")) | Q32: =IF(COUNTA(Q6:Q30)=0,"",COUNTIF(Q6:Q30,"P")) | R32: =IF(COUNTA(R6:R30)=0,"",COUNTIF(R6:R30,"P")) | ... AN32: =IF(COUNTA(AN6:AN30)=0,"",COUNTIF(AN6:AN30,"P"))
A33: LATE (class total) | K33: =IF(COUNTA(K6:K30)=0,"",COUNTIF(K6:K30,"L")) | L33: =IF(COUNTA(L6:L30)=0,"",COUNTIF(L6:L30,"L")) | M33: =IF(COUNTA(M6:M30)=0,"",COUNTIF(M6:M30,"L")) | N33: =IF(COUNTA(N6:N30)=0,"",COUNTIF(N6:N30,"L")) | O33: =IF(COUNTA(O6:O30)=0,"",COUNTIF(O6:O30,"L")) | P33: =IF(COUNTA(P6:P30)=0,"",COUNTIF(P6:P30,"L")) | Q33: =IF(COUNTA(Q6:Q30)=0,"",COUNTIF(Q6:Q30,"L")) | R33: =IF(COUNTA(R6:R30)=0,"",COUNTIF(R6:R30,"L")) | ... AN33: =IF(COUNTA(AN6:AN30)=0,"",COUNTIF(AN6:AN30,"L"))
A34: ABSENT (class total) | K34: =IF(COUNTA(K6:K30)=0,"",COUNTIF(K6:K30,"A")) | L34: =IF(COUNTA(L6:L30)=0,"",COUNTIF(L6:L30,"A")) | M34: =IF(COUNTA(M6:M30)=0,"",COUNTIF(M6:M30,"A")) | N34: =IF(COUNTA(N6:N30)=0,"",COUNTIF(N6:N30,"A")) | O34: =IF(COUNTA(O6:O30)=0,"",COUNTIF(O6:O30,"A")) | P34: =IF(COUNTA(P6:P30)=0,"",COUNTIF(P6:P30,"A")) | Q34: =IF(COUNTA(Q6:Q30)=0,"",COUNTIF(Q6:Q30,"A")) | R34: =IF(COUNTA(R6:R30)=0,"",COUNTIF(R6:R30,"A")) | ... AN34: =IF(COUNTA(AN6:AN30)=0,"",COUNTIF(AN6:AN30,"A"))
A35: DAY ATTENDANCE % | K35: =IF(N(K32)+N(K33)+N(K34)=0,"",(N(K32)+N(K33))/(N(K32)+N(K33)+N(K34))) | L35: =IF(N(L32)+N(L33)+N(L34)=0,"",(N(L32)+N(L33))/(N(L32)+N(L33)+N(L34))) | M35: =IF(N(M32)+N(M33)+N(M34)=0,"",(N(M32)+N(M33))/(N(M32)+N(M33)+N(M34))) | N35: =IF(N(N32)+N(N33)+N(N34)=0,"",(N(N32)+N(N33))/(N(N32)+N(N33)+N(N34))) | O35: =IF(N(O32)+N(O33)+N(O34)=0,"",(N(O32)+N(O33))/(N(O32)+N(O33)+N(O34))) | P35: =IF(N(P32)+N(P33)+N(P34)=0,"",(N(P32)+N(P33))/(N(P32)+N(P33)+N(P34))) | Q35: =IF(N(Q32)+N(Q33)+N(Q34)=0,"",(N(Q32)+N(Q33))/(N(Q32)+N(Q33)+N(Q34))) | R35: =IF(N(R32)+N(R33)+N(R34)=0,"",(N(R32)+N(R33))/(N(R32)+N(R33)+N(R34))) | ... AN35: =IF(N(AN32)+N(AN33)+N(AN34)=0,"",(N(AN32)+N(AN33))/(N(AN32)+N(AN33)+N(AN34)))
A37: Attendance % = (Present + Late) ÷ Days Held. Late % = Late ÷ Days Held. Days Held = Present + Late + Absent (holidays and blank days are not counted).
A38: LATEST DATE IS ALWAYS IN COLUMN K (yellow). Older days run to the right, going back one working day at a time (Mon–Fri). Type over any date to change it (e.g. a Saturday class).
A39: NEW DAY: copy column K → right-click column K → 'Insert Copied Cells' → clear the marks in the new K and type the new date in K5. Older days move right automatically and the % columns include every day.
A40: Spare rows below the list are for new students: type Batch ID and Name — the numbering and formulas are already set.

Sheet Batch Summary
A1: BATCH-WISE ATTENDANCE SUMMARY
A2: Reads from the Attendance sheet. Add more Batch IDs in the yellow cells if needed.
A4: BATCH ID | B4: STUDENTS | C4: AVG ATTENDANCE % | D4: AVG LATE % | E4: AT RISK | F4: EXCELLENT
A5: RADA05 | B5: =IF(A5="","",COUNTIFS(Attendance!$B$6:$B$30,A5,Attendance!$C$6:$C$30,"<>")) -> 2 | C5: =IF(A5="","",IFERROR(AVERAGEIF(Attendance!$B$6:$B$30,A5,Attendance!$D$6:$D$30),"")) | D5: =IF(A5="","",IFERROR(AVERAGEIF(Attendance!$B$6:$B$30,A5,Attendance!$E$6:$E$30),"")) | E5: =IF(A5="","",COUNTIFS(Attendance!$B$6:$B$30,A5,Attendance!$J$6:$J$30,"At Risk")) -> 0 | F5: =IF(A5="","",COUNTIFS(Attendance!$B$6:$B$30,A5,Attendance!$J$6:$J$30,"Excellent")) -> 0
A6: RADA06 | B6: =IF(A6="","",COUNTIFS(Attendance!$B$6:$B$30,A6,Attendance!$C$6:$C$30,"<>")) -> 6 | C6: =IF(A6="","",IFERROR(AVERAGEIF(Attendance!$B$6:$B$30,A6,Attendance!$D$6:$D$30),"")) | D6: =IF(A6="","",IFERROR(AVERAGEIF(Attendance!$B$6:$B$30,A6,Attendance!$E$6:$E$30),"")) | E6: =IF(A6="","",COUNTIFS(Attendance!$B$6:$B$30,A6,Attendance!$J$6:$J$30,"At Risk")) -> 0 | F6: =IF(A6="","",COUNTIFS(Attendance!$B$6:$B$30,A6,Attendance!$J$6:$J$30,"Excellent")) -> 0
A7: RADA10 | B7: =IF(A7="","",COUNTIFS(Attendance!$B$6:$B$30,A7,Attendance!$C$6:$C$30,"<>")) -> 7 | C7: =IF(A7="","",IFERROR(AVERAGEIF(Attendance!$B$6:$B$30,A7,Attendance!$D$6:$D$30),"")) | D7: =IF(A7="","",IFERROR(AVERAGEIF(Attendance!$B$6:$B$30,A7,Attendance!$E$6:$E$30),"")) | E7: =IF(A7="","",COUNTIFS(Attendance!$B$6:$B$30,A7,Attendance!$J$6:$J$30,"At Risk")) -> 0 | F7: =IF(A7="","",COUNTIFS(Attendance!$B$6:$B$30,A7,Attendance!$J$6:$J$30,"Excellent")) -> 0
A8: RADA11 | B8: =IF(A8="","",COUNTIFS(Attendance!$B$6:$B$30,A8,Attendance!$C$6:$C$30,"<>")) -> 1 | C8: =IF(A8="","",IFERROR(AVERAGEIF(Attendance!$B$6:$B$30,A8,Attendance!$D$6:$D$30),"")) | D8: =IF(A8="","",IFERROR(AVERAGEIF(Attendance!$B$6:$B$30,A8,Attendance!$E$6:$E$30),"")) | E8: =IF(A8="","",COUNTIFS(Attendance!$B$6:$B$30,A8,Attendance!$J$6:$J$30,"At Risk")) -> 0 | F8: =IF(A8="","",COUNTIFS(Attendance!$B$6:$B$30,A8,Attendance!$J$6:$J$30,"Excellent")) -> 0
B9: =IF(A9="","",COUNTIFS(Attendance!$B$6:$B$30,A9,Attendance!$C$6:$C$30,"<>")) | C9: =IF(A9="","",IFERROR(AVERAGEIF(Attendance!$B$6:$B$30,A9,Attendance!$D$6:$D$30),"")) | D9: =IF(A9="","",IFERROR(AVERAGEIF(Attendance!$B$6:$B$30,A9,Attendance!$E$6:$E$30),"")) | E9: =IF(A9="","",COUNTIFS(Attendance!$B$6:$B$30,A9,Attendance!$J$6:$J$30,"At Risk")) | F9: =IF(A9="","",COUNTIFS(Attendance!$B$6:$B$30,A9,Attendance!$J$6:$J$30,"Excellent"))
B10: =IF(A10="","",COUNTIFS(Attendance!$B$6:$B$30,A10,Attendance!$C$6:$C$30,"<>")) | C10: =IF(A10="","",IFERROR(AVERAGEIF(Attendance!$B$6:$B$30,A10,Attendance!$D$6:$D$30),"")) | D10: =IF(A10="","",IFERROR(AVERAGEIF(Attendance!$B$6:$B$30,A10,Attendance!$E$6:$E$30),"")) | E10: =IF(A10="","",COUNTIFS(Attendance!$B$6:$B$30,A10,Attendance!$J$6:$J$30,"At Risk")) | F10: =IF(A10="","",COUNTIFS(Attendance!$B$6:$B$30,A10,Attendance!$J$6:$J$30,"Excellent"))
B11: =IF(A11="","",COUNTIFS(Attendance!$B$6:$B$30,A11,Attendance!$C$6:$C$30,"<>")) | C11: =IF(A11="","",IFERROR(AVERAGEIF(Attendance!$B$6:$B$30,A11,Attendance!$D$6:$D$30),"")) | D11: =IF(A11="","",IFERROR(AVERAGEIF(Attendance!$B$6:$B$30,A11,Attendance!$E$6:$E$30),"")) | E11: =IF(A11="","",COUNTIFS(Attendance!$B$6:$B$30,A11,Attendance!$J$6:$J$30,"At Risk")) | F11: =IF(A11="","",COUNTIFS(Attendance!$B$6:$B$30,A11,Attendance!$J$6:$J$30,"Excellent"))
A12: ALL BATCHES | B12: =COUNTA(Attendance!$C$6:$C$30) -> 16 | C12: =IFERROR(AVERAGE(Attendance!$D$6:$D$30),"") | D12: =IFERROR(AVERAGE(Attendance!$E$6:$E$30),"") | E12: =COUNTIF(Attendance!$J$6:$J$30,"At Risk") -> 0 | F12: =COUNTIF(Attendance!$J$6:$J$30,"Excellent") -> 0
